{"atlases":[{"alpha":false,"id":"atlases/o0","name":"atlases/o0","rawExt":"png","stdExt":"jpg","webFormats":["small/std","small/basis"]}],"autoTour":{"disabled":true,"startOnLoad":false},"camera":{"autoClimb":false,"exposure":0.5,"fov":65,"gamma":1,"moveMaxSpeed":1.11},"disableProgressiveLoader":false,"formatVersion":"1.5.0","lightProbes":[{"box":{"max":[5.732333333333333,4.375156862745098,3.199450980392157],"min":[0.45,0.45,0.313]},"id":0,"position":[3.1,2.4000000000000004,1.972]}],"lights":[{"angle":140,"color":[1,0.8,0.638],"doNotImport":false,"instances":[{"position":[0,0,0],"rotation":[-28.96123332691523,-28.513301820649552,0]}],"name":"Sun","size":0.02,"strength":8,"type":"sun"},{"angle":140,"color":[1,0.84,0.74],"doNotImport":false,"instances":[{"position":[5.191224922401278,1.3272103065143486,3.1154464645949527],"rotation":[180,-90,0]},{"position":[5.191224922401278,1.2092103065143494,3.1154464645949527],"rotation":[180,-90,0]},{"position":[5.191224922401278,2.4768933550876566,3.1154464645949527],"rotation":[180,-90,0]},{"position":[5.191224922401278,2.358893355087657,3.1154464645949527],"rotation":[180,-90,0]},{"position":[5.191224922401278,3.626576403660965,3.1154464645949527],"rotation":[180,-90,0]},{"position":[5.191224922401278,3.508576403660966,3.1154464645949527],"rotation":[180,-90,0]}],"name":"Spot light","size":0.1,"strength":6,"type":"spot"}],"mapLightFormat":"rgbm","materials":[{"baseColor":[0.19120168274079136,0.2345505821610052,0.2345505821610052],"bumpScale":0.001,"doNotImport":{"baseColor":false,"baseColorTexture":false,"opacity":false},"doubleSided":false,"emissionStrength":1,"emissive":false,"envMapProject":true,"metallic":0,"name":"Glass","opacity":0.05000000000000005,"roughness":1},{"baseColor":[0.7835377915261935,0.7835377915261935,0.7835377915261935],"bumpScale":0.001,"doNotImport":{"baseColor":false,"baseColorTexture":false,"opacity":false},"doubleSided":false,"emissionStrength":1,"emissive":false,"envMapProject":true,"metallic":0,"name":"White matte plastic","opacity":1,"roughness":0.5},{"baseColor":[0.009721217320237847,0.009721217320237847,0.009721217320237847],"bumpScale":0.001,"doNotImport":{"baseColor":false,"baseColorTexture":false,"opacity":false},"doubleSided":false,"emissionStrength":1,"emissive":false,"envMapProject":true,"metallic":0,"name":"TV screen","opacity":1,"roughness":0.3},{"baseColor":[0.006995410187265386,0.006995410187265386,0.006995410187265386],"bumpScale":0.001,"doNotImport":{"baseColor":false,"baseColorTexture":false,"opacity":false},"doubleSided":false,"emissionStrength":1,"emissive":false,"envMapProject":true,"metallic":0,"name":"Black shiny plastic","opacity":1,"roughness":0},{"avgColor":[0.4627450980392157,0.3058823529411765,0.1803921568627451],"baseColor":[0.4627450980392157,0.3058823529411765,0.1803921568627451],"baseColorTexture":{"alpha":false,"id":"oak","name":"oak","rawExt":"jpg","stdExt":"jpg","webFormats":["small/std","small/basis"]},"bumpScale":0.001,"doNotImport":{"baseColor":false,"baseColorTexture":false,"opacity":false},"doubleSided":false,"emissionStrength":1,"emissive":false,"envMapProject":true,"metallic":0,"name":"Oak","opacity":1,"roughness":0.5,"roughnessTexture":{"alpha":false,"id":"oak-rough","name":"oak-rough","rawExt":"jpg","stdExt":"jpg","webFormats":["small/std","small/basis"]}},{"baseColor":[0.03433980680868218,0.03433980680868218,0.03433980680868218],"bumpScale":0.001,"doNotImport":{"baseColor":false,"baseColorTexture":false,"opacity":false},"doubleSided":false,"emissionStrength":1,"emissive":false,"envMapProject":true,"metallic":0,"name":"Charcoal lacobel glass","opacity":1,"roughness":0},{"avgColor":[0.2588235294117648,0.2588235294117648,0.2588235294117648],"baseColor":[0.2588235294117648,0.2588235294117648,0.2588235294117648],"baseColorTexture":{"alpha":false,"id":"striped-pillow","name":"striped-pillow","rawExt":"jpg","stdExt":"jpg","webFormats":["small/std","small/basis"]},"bumpScale":0.001,"doNotImport":{"baseColor":false,"baseColorTexture":false,"opacity":false},"doubleSided":false,"emissionStrength":1,"emissive":false,"envMapProject":true,"metallic":0,"name":"Striped pillow","opacity":1,"roughness":1},{"avgColor":[0.4549019607843137,0.3215686274509804,0.207843137254902],"baseColor":[0.4549019607843137,0.3215686274509804,0.207843137254902],"baseColorTexture":{"alpha":false,"id":"floor","name":"floor","rawExt":"jpg","stdExt":"jpg","webFormats":["small/std","small/basis","large/basis"]},"bumpScale":0.002,"bumpTexture":{"alpha":false,"id":"floor-bump","name":"floor-bump","rawExt":"jpg","stdExt":"jpg","webFormats":["small/std","small/basis","large/basis"]},"doNotImport":{"baseColor":false,"baseColorTexture":false,"opacity":false},"doubleSided":false,"emissionStrength":1,"emissive":false,"envMapProject":true,"metallic":0,"name":"Floor","opacity":1,"roughness":0.7000000000000001,"roughnessTexture":{"alpha":false,"id":"floor-rough","name":"floor-rough","rawExt":"jpg","stdExt":"jpg","webFormats":["small/std","small/basis","large/basis"]}},{"baseColor":[0.7835377915261935,0.7835377915261935,0.7835377915261935],"bumpScale":0.001,"doNotImport":{"baseColor":false,"baseColorTexture":false,"opacity":false},"doubleSided":false,"emissionStrength":1,"emissive":false,"envMapProject":true,"metallic":0,"name":"Windowsill","opacity":1,"roughness":0.1},{"avgColor":[0.32941176470588235,0.3137254901960784,0.2823529411764706],"baseColor":[0.32941176470588235,0.3137254901960784,0.2823529411764706],"baseColorTexture":{"alpha":false,"id":"wallpaper","name":"wallpaper","rawExt":"jpg","stdExt":"jpg","webFormats":["small/std","small/basis"]},"bumpScale":0.001,"doNotImport":{"baseColor":false,"baseColorTexture":false,"opacity":false},"doubleSided":false,"emissionStrength":1,"emissive":false,"envMapProject":true,"metallic":0,"metallicTexture":{"alpha":false,"id":"wallpaper_metal","name":"wallpaper_metal","rawExt":"jpg","stdExt":"jpg","webFormats":["small/std","small/basis"]},"name":"Wallpaper","opacity":1,"roughness":1,"roughnessTexture":{"alpha":false,"id":"wallpaper_rough","name":"wallpaper_rough","rawExt":"jpg","stdExt":"jpg","webFormats":["small/std","small/basis"]}},{"baseColor":[0.8227857543962835,0.8227857543962835,0.8227857543962835],"bumpScale":0.001,"doNotImport":{"baseColor":false,"baseColorTexture":false,"opacity":false},"doubleSided":false,"emissionStrength":1,"emissive":false,"envMapProject":true,"metallic":1,"name":"Chrome","opacity":1,"roughness":0},{"avgColor":[0.3686274509803922,0.3686274509803922,0.3686274509803922],"baseColor":[0.3686274509803922,0.3686274509803922,0.3686274509803922],"baseColorTexture":{"alpha":false,"id":"fabric","name":"fabric","rawExt":"jpg","stdExt":"jpg","webFormats":["small/std","small/basis"]},"bumpScale":0.001,"doNotImport":{"baseColor":false,"baseColorTexture":false,"opacity":false},"doubleSided":false,"emissionStrength":1,"emissive":false,"envMapProject":true,"metallic":0,"name":"Curtain fabric","opacity":1,"roughness":1},{"baseColor":[1,1,1],"bumpScale":0.001,"doNotImport":{"baseColor":false,"baseColorTexture":false,"opacity":false},"doubleSided":false,"emissionStrength":1,"emissive":false,"envMapProject":true,"metallic":0,"name":"Net curtain","opacity":0.4,"roughness":1},{"baseColor":[1,1,1],"bumpScale":0.001,"doNotImport":{"baseColor":false,"baseColorTexture":false,"opacity":false},"doubleSided":false,"emissionStrength":1,"emissive":false,"envMapProject":true,"metallic":0,"name":"Default","opacity":1,"roughness":1},{"baseColor":[1,0.938685728457888,0.7835377915261935],"bumpScale":0.001,"doNotImport":{"baseColor":false,"baseColorTexture":false,"opacity":false},"doubleSided":false,"emissionStrength":2,"emissive":true,"envMapProject":true,"metallic":0,"name":"LED","opacity":1,"roughness":1},{"avgColor":[0.5215686274509804,0.5215686274509804,0.5215686274509804],"baseColor":[0.5215686274509804,0.5215686274509804,0.5215686274509804],"baseColorTexture":{"alpha":false,"id":"fabric.001","name":"fabric.001","rawExt":"jpg","stdExt":"jpg","webFormats":["small/std","small/basis"]},"bumpScale":0.001,"doNotImport":{"baseColor":false,"baseColorTexture":false,"opacity":false},"doubleSided":false,"emissionStrength":1,"emissive":false,"envMapProject":true,"metallic":0,"name":"Sofa fabric","opacity":1,"roughness":1},{"avgColor":[0.07058823529411765,0.16862745098039217,0.2823529411764706],"baseColor":[0.07058823529411765,0.16862745098039217,0.2823529411764706],"baseColorTexture":{"alpha":false,"id":"leather","name":"leather","rawExt":"jpg","stdExt":"jpg","webFormats":["small/std","small/basis"]},"bumpScale":0.002,"bumpTexture":{"alpha":false,"id":"leather-bump","name":"leather-bump","rawExt":"jpg","stdExt":"jpg","webFormats":["small/std","small/basis"]},"doNotImport":{"baseColor":false,"baseColorTexture":false,"opacity":false},"doubleSided":false,"emissionStrength":1,"emissive":false,"envMapProject":true,"metallic":0,"name":"Blue leather","opacity":1,"roughness":0.7000000000000001},{"baseColor":[0.019382360956935723,0.019382360956935723,0.019382360956935723],"bumpScale":0.001,"doNotImport":{"baseColor":false,"baseColorTexture":false,"opacity":false},"doubleSided":false,"emissionStrength":1,"emissive":false,"envMapProject":true,"metallic":0,"name":"Black leather","opacity":1,"roughness":0.7000000000000001},{"baseColor":[0.0036765073240474376,0.0036765073240474376,0.0036765073240474376],"bumpScale":0.001,"doNotImport":{"baseColor":false,"baseColorTexture":false,"opacity":false},"doubleSided":false,"emissionStrength":1,"emissive":false,"envMapProject":true,"metallic":0,"name":"Black shiny metal","opacity":1,"roughness":0},{"baseColor":[0.009721217320237847,0.009721217320237847,0.009721217320237847],"bumpScale":0.001,"doNotImport":{"baseColor":false,"baseColorTexture":false,"opacity":false},"doubleSided":false,"emissionStrength":1,"emissive":false,"envMapProject":true,"metallic":0,"name":"Black lacquered MDF","opacity":1,"roughness":0},{"avgColor":[0.13725490196078433,0.3058823529411765,0.4862745098039216],"baseColor":[0.13725490196078433,0.3058823529411765,0.4862745098039216],"baseColorTexture":{"alpha":false,"id":"fabric.002","name":"fabric.002","rawExt":"jpg","stdExt":"jpg","webFormats":["small/std","small/basis"]},"bumpScale":0.001,"doNotImport":{"baseColor":false,"baseColorTexture":false,"opacity":false},"doubleSided":false,"emissionStrength":1,"emissive":false,"envMapProject":true,"metallic":0,"name":"Blue pillow","opacity":1,"roughness":1},{"baseColor":[0.04817182422688943,0.10946171077829932,0.0024282158683907],"bumpScale":0.001,"doNotImport":{"baseColor":false,"baseColorTexture":false,"opacity":false},"doubleSided":false,"emissionStrength":1,"emissive":false,"envMapProject":true,"metallic":0,"name":"Leaf","opacity":1,"roughness":0.6},{"baseColor":[0.08021982031446832,0.036889450401100046,0.0015176349177441876],"bumpScale":0.001,"doNotImport":{"baseColor":false,"baseColorTexture":false,"opacity":false},"doubleSided":false,"emissionStrength":1,"emissive":false,"envMapProject":true,"metallic":0,"name":"Soil","opacity":1,"roughness":1},{"baseColor":[0.7835377915261935,0.7835377915261935,0.7835377915261935],"bumpScale":0.001,"doNotImport":{"baseColor":false,"baseColorTexture":false,"opacity":false},"doubleSided":false,"emissionStrength":1,"emissive":false,"envMapProject":true,"metallic":0,"name":"Pot","opacity":1,"roughness":0.1},{"baseColor":[0.846873231509858,0.846873231509858,0.846873231509858],"bumpScale":0.001,"doNotImport":{"baseColor":false,"baseColorTexture":false,"opacity":false},"doubleSided":false,"emissionStrength":1,"emissive":false,"envMapProject":true,"metallic":0,"name":"Porcelain","opacity":1,"roughness":0.1},{"avgColor":[0.4470588235294118,0.2980392156862745,0.30196078431372547],"baseColor":[0.4470588235294118,0.2980392156862745,0.30196078431372547],"baseColorTexture":{"alpha":false,"atlasId":"atlases/o0","atlasOffset":[0.00390625,0.00390625],"atlasScale":[0.55078125,0.37109375],"id":"coffee","name":"coffee","rawExt":"jpg","stdExt":"jpg","webFormats":[]},"bumpScale":0.001,"doNotImport":{"baseColor":false,"baseColorTexture":false,"opacity":false},"doubleSided":false,"emissionStrength":1,"emissive":false,"envMapProject":true,"metallic":0,"name":"Coffee","opacity":1,"roughness":0},{"baseColor":[1,1,1],"bumpScale":0.001,"doNotImport":{"baseColor":false,"baseColorTexture":false,"opacity":false},"doubleSided":false,"emissionStrength":2,"emissive":true,"envMapProject":true,"metallic":0,"name":"Emissive spot","opacity":1,"roughness":1},{"baseColor":[0.7835377915261935,0.7835377915261935,0.7835377915261935],"bumpScale":0.001,"doNotImport":{"baseColor":false,"baseColorTexture":false,"opacity":false},"doubleSided":false,"emissionStrength":1,"emissive":false,"envMapProject":true,"metallic":0,"name":"White shiny plastic","opacity":1,"roughness":0.1},{"avgColor":[0.0784313725490196,0.10196078431372547,0.10980392156862744],"baseColor":[0.0784313725490196,0.10196078431372547,0.10980392156862744],"baseColorTexture":{"alpha":false,"id":"rug","name":"rug","rawExt":"jpg","stdExt":"jpg","webFormats":["small/std","small/basis","large/basis"]},"bumpScale":0.001,"doNotImport":{"baseColor":false,"baseColorTexture":false,"opacity":false},"doubleSided":false,"emissionStrength":1,"emissive":false,"envMapProject":true,"metallic":0,"name":"Rug","opacity":1,"roughness":1},{"baseColor":[0.9130986517934192,0.4851499400560704,0.05448027644244236],"bumpScale":0.001,"doNotImport":{"baseColor":false,"baseColorTexture":false,"opacity":false},"doubleSided":false,"emissionStrength":1,"emissive":false,"envMapProject":true,"metallic":0,"name":"Orange rubber","opacity":1,"roughness":1},{"baseColor":[0.3967552307256269,0.3967552307256269,0.3967552307256269],"bumpScale":0.001,"doNotImport":{"baseColor":false,"baseColorTexture":false,"opacity":false},"doubleSided":false,"emissionStrength":1,"emissive":false,"envMapProject":true,"metallic":0,"name":"Light gray rubber","opacity":1,"roughness":1},{"baseColor":[0.05780543019106723,0.05780543019106723,0.05780543019106723],"bumpScale":0.001,"doNotImport":{"baseColor":false,"baseColorTexture":false,"opacity":false},"doubleSided":false,"emissionStrength":1,"emissive":false,"envMapProject":true,"metallic":0,"name":"Charcoal matte plastic","opacity":1,"roughness":0.3},{"baseColor":[0.14126329114027167,0.14126329114027167,0.14126329114027167],"bumpScale":0.001,"doNotImport":{"baseColor":false,"baseColorTexture":false,"opacity":false},"doubleSided":false,"emissionStrength":1,"emissive":false,"envMapProject":true,"metallic":0,"name":"Dark gray rubber","opacity":1,"roughness":1},{"baseColor":[0.6104955708078648,0.44520119451622786,0.009134058702220787],"bumpScale":0.001,"doNotImport":{"baseColor":false,"baseColorTexture":false,"opacity":false},"doubleSided":false,"emissionStrength":1,"emissive":false,"envMapProject":true,"metallic":0,"name":"Gold rubber","opacity":1,"roughness":1},{"avgColor":[0.06666666666666667,0.06274509803921569,0.06274509803921569],"baseColor":[0.06666666666666667,0.06274509803921569,0.06274509803921569],"baseColorTexture":{"alpha":false,"id":"bark-chips","name":"bark-chips","rawExt":"jpg","stdExt":"jpg","webFormats":["small/std","small/basis"]},"bumpScale":0.001,"doNotImport":{"baseColor":false,"baseColorTexture":false,"opacity":false},"doubleSided":false,"emissionStrength":1,"emissive":false,"envMapProject":true,"metallic":0,"name":"Bark chips","opacity":1,"roughness":1},{"avgColor":[0.03529411764705882,0.1725490196078431,0.29411764705882354],"baseColor":[0.03529411764705882,0.1725490196078431,0.29411764705882354],"baseColorTexture":{"alpha":false,"id":"book-6","name":"book-6","rawExt":"jpg","stdExt":"jpg","webFormats":["small/std","small/basis"]},"bumpScale":0.001,"doNotImport":{"baseColor":false,"baseColorTexture":false,"opacity":false},"doubleSided":false,"emissionStrength":1,"emissive":false,"envMapProject":true,"metallic":0,"name":"Book 6","opacity":1,"roughness":0.2},{"baseColor":[0.8227857543962835,0.8227857543962835,0.8227857543962835],"bumpScale":0.001,"doNotImport":{"baseColor":false,"baseColorTexture":false,"opacity":false},"doubleSided":false,"emissionStrength":1,"emissive":false,"envMapProject":true,"metallic":0,"name":"Paper","opacity":1,"roughness":1},{"avgColor":[0.06666666666666667,0.058823529411764705,0.06274509803921569],"baseColor":[0.06666666666666667,0.058823529411764705,0.06274509803921569],"baseColorTexture":{"alpha":false,"id":"book-4","name":"book-4","rawExt":"jpg","stdExt":"jpg","webFormats":["small/std","small/basis"]},"bumpScale":0.001,"doNotImport":{"baseColor":false,"baseColorTexture":false,"opacity":false},"doubleSided":false,"emissionStrength":1,"emissive":false,"envMapProject":true,"metallic":0,"name":"Book 4","opacity":1,"roughness":0.2},{"avgColor":[0.6196078431372549,0.6274509803921569,0.5137254901960784],"baseColor":[0.6235294117647059,0.6274509803921569,0.5137254901960784],"baseColorTexture":{"alpha":false,"id":"book-3","name":"book-3","rawExt":"jpg","stdExt":"jpg","webFormats":["small/std","small/basis"]},"bumpScale":0.001,"doNotImport":{"baseColor":false,"baseColorTexture":false,"opacity":false},"doubleSided":false,"emissionStrength":1,"emissive":false,"envMapProject":true,"metallic":0,"name":"Book 3","opacity":1,"roughness":0.2},{"avgColor":[0.04705882352941176,0.12941176470588237,0.3607843137254902],"baseColor":[0.06274509803921569,0.13333333333333333,0.3686274509803922],"baseColorTexture":{"alpha":false,"id":"book-2","name":"book-2","rawExt":"jpg","stdExt":"jpg","webFormats":["small/std","small/basis"]},"bumpScale":0.001,"doNotImport":{"baseColor":false,"baseColorTexture":false,"opacity":false},"doubleSided":false,"emissionStrength":1,"emissive":false,"envMapProject":true,"metallic":0,"name":"Book 2","opacity":1,"roughness":0.5},{"avgColor":[0.00392156862745098,0.02352941176470588,0.16470588235294115],"baseColor":[0.00392156862745098,0.02352941176470588,0.16470588235294115],"baseColorTexture":{"alpha":false,"id":"book-1","name":"book-1","rawExt":"jpg","stdExt":"jpg","webFormats":["small/std","small/basis"]},"bumpScale":0.001,"doNotImport":{"baseColor":false,"baseColorTexture":false,"opacity":false},"doubleSided":false,"emissionStrength":1,"emissive":false,"envMapProject":true,"metallic":0,"name":"Book 1","opacity":1,"roughness":0.1},{"avgColor":[0.0392156862745098,0.03137254901960784,0.0196078431372549],"baseColor":[0.0392156862745098,0.03137254901960784,0.01568627450980392],"baseColorTexture":{"alpha":false,"id":"book-5","name":"book-5","rawExt":"jpg","stdExt":"jpg","webFormats":["small/std","small/basis"]},"bumpScale":0.001,"doNotImport":{"baseColor":false,"baseColorTexture":false,"opacity":false},"doubleSided":false,"emissionStrength":1,"emissive":false,"envMapProject":true,"metallic":0,"name":"Book 5","opacity":1,"roughness":0.2},{"avgColor":[0.00392156862745098,0.00392156862745098,0.00392156862745098],"baseColor":[0.00392156862745098,0.00392156862745098,0.00392156862745098],"baseColorTexture":{"alpha":false,"id":"oak.001","name":"oak.001","rawExt":"jpg","stdExt":"jpg","webFormats":["small/std","small/basis"]},"bumpScale":0.001,"doNotImport":{"baseColor":false,"baseColorTexture":false,"opacity":false},"doubleSided":false,"emissionStrength":1,"emissive":false,"envMapProject":true,"metallic":0,"name":"Black oak","opacity":1,"roughness":0.5,"roughnessTexture":{"alpha":false,"id":"oak-rough","name":"oak-rough","rawExt":"jpg","stdExt":"jpg","webFormats":["small/std","small/basis"]}},{"baseColor":[0.7758222183174236,0.7758222183174236,0.7758222183174236],"bumpScale":0.001,"doNotImport":{"baseColor":false,"baseColorTexture":false,"opacity":false},"doubleSided":false,"emissionStrength":1,"emissive":false,"envMapProject":true,"metallic":0,"name":"Wall","opacity":1,"roughness":1},{"baseColor":[0.31854677812509186,0.31854677812509186,0.31854677812509186],"bumpScale":0.001,"doNotImport":{"baseColor":false,"baseColorTexture":false,"opacity":false},"doubleSided":false,"emissionStrength":1,"emissive":false,"envMapProject":true,"metallic":0,"name":"Outside wall","opacity":1,"roughness":1},{"baseColor":[0.006995410187265386,0.006995410187265386,0.006995410187265386],"bumpScale":0.001,"doNotImport":{"baseColor":false,"baseColorTexture":false,"opacity":false},"doubleSided":false,"emissionStrength":1,"emissive":false,"envMapProject":true,"metallic":0,"name":"Black matte metal","opacity":1,"roughness":0.6},{"baseColor":[0.7835377915261935,0.7835377915261935,0.7835377915261935],"bumpScale":0.001,"doNotImport":{"baseColor":false,"baseColorTexture":false,"opacity":false},"doubleSided":false,"emissionStrength":1,"emissive":false,"envMapProject":true,"metallic":0,"name":"White matte metal","opacity":1,"roughness":0.6},{"baseColor":[0.009721217320237847,0.009721217320237847,0.009721217320237847],"bumpScale":0.001,"doNotImport":{"baseColor":false,"baseColorTexture":false,"opacity":false},"doubleSided":false,"emissionStrength":1,"emissive":false,"envMapProject":true,"metallic":0,"name":"Black matte wood","opacity":1,"roughness":0.3},{"baseColor":[1,1,1],"bumpScale":0.001,"doNotImport":{"baseColor":false,"baseColorTexture":false,"opacity":false},"doubleSided":false,"emissionStrength":1,"emissive":false,"envMapProject":true,"metallic":0,"name":"Picture white","opacity":1,"roughness":0},{"avgColor":[0.058823529411764705,0.058823529411764705,0.058823529411764705],"baseColor":[0.058823529411764705,0.058823529411764705,0.058823529411764705],"baseColorTexture":{"alpha":false,"id":"picture-1","name":"picture-1","rawExt":"jpg","stdExt":"jpg","webFormats":["small/std","small/basis"]},"bumpScale":0.001,"doNotImport":{"baseColor":false,"baseColorTexture":false,"opacity":false},"doubleSided":false,"emissionStrength":1,"emissive":false,"envMapProject":true,"metallic":0,"name":"Picture 1","opacity":1,"roughness":0},{"avgColor":[0.20392156862745095,0.20392156862745095,0.20392156862745095],"baseColor":[0.20392156862745095,0.20392156862745095,0.20392156862745095],"baseColorTexture":{"alpha":false,"id":"picture-2","name":"picture-2","rawExt":"jpg","stdExt":"jpg","webFormats":["small/std","small/basis"]},"bumpScale":0.001,"doNotImport":{"baseColor":false,"baseColorTexture":false,"opacity":false},"doubleSided":false,"emissionStrength":1,"emissive":false,"envMapProject":true,"metallic":0,"name":"Picture 2","opacity":1,"roughness":0},{"baseColor":[0.13286832155381795,0.10702310297826764,0.0822827071298148],"bumpScale":0.001,"doNotImport":{"baseColor":false,"baseColorTexture":false,"opacity":false},"doubleSided":false,"emissionStrength":1,"emissive":false,"envMapProject":true,"metallic":0,"name":"Plant bark","opacity":1,"roughness":1},{"baseColor":[0.846873231509858,0.846873231509858,0.846873231509858],"bumpScale":0.001,"doNotImport":{"baseColor":false,"baseColorTexture":false,"opacity":false},"doubleSided":false,"emissionStrength":1,"emissive":false,"envMapProject":true,"metallic":0,"name":"Plinth","opacity":1,"roughness":1}],"nodeConfigs":[{"name":"Window"},{"name":"Component#118"},{"name":"Component#117"},{"name":"Component#350"},{"name":"Window handle"},{"name":"TV"},{"name":"Table"},{"name":"Component#84"},{"name":"Component#80"},{"name":"Component#81"},{"name":"Component#82"},{"name":"Component#83"},{"name":"Striped pillow"},{"lightmapResolution":100,"name":"Floor"},{"name":"Windowsill"},{"name":"Wallpaper"},{"name":"Entrance door"},{"name":"Group#104"},{"name":"Door handle"},{"name":"Group#98"},{"name":"Group#99"},{"name":"Group#1"},{"name":"Group#6"},{"name":"Group#5"},{"name":"Group#4"},{"name":"Component#327"},{"name":"Balcony door"},{"name":"Group#2"},{"name":"handle#1"},{"name":"Group#101"},{"name":"Group#102"},{"name":"Group#103"},{"name":"Component#176"},{"name":"Window curtains"},{"name":"Curtain A"},{"name":"Net curtain"},{"name":"Group#15"},{"name":"Component#125"},{"name":"Component#124"},{"name":"Component#126"},{"name":"Long bar"},{"name":"Component#127"},{"name":"Balcony curtains"},{"name":"Curtain B"},{"name":"Group#8"},{"name":"Long bar 2"},{"hideInViews":[2,3],"name":"LED Lamp"},{"name":"Component#6"},{"name":"Component#4"},{"name":"skp2A66"},{"name":"Sofa"},{"name":"Component#106"},{"name":"Component#87"},{"name":"Component#85"},{"name":"Component#70"},{"name":"Component#71"},{"name":"Component#76"},{"name":"Component#74"},{"name":"Component#136"},{"name":"Component#137"},{"name":"Component#69"},{"name":"Component#132"},{"name":"Union#3"},{"name":"Component#138"},{"name":"Component#139"},{"name":"Component#141"},{"name":"Component#140"},{"name":"Component#142"},{"name":"TV bench"},{"name":"Component#26"},{"name":"Component#28"},{"name":"Component#10"},{"name":"Component#23"},{"name":"Component#36"},{"name":"Component#25"},{"name":"Component#12"},{"name":"Component#99"},{"name":"Component#13"},{"name":"Component#14"},{"name":"Component#101"},{"name":"Component#100"},{"name":"Component#96"},{"name":"Cabinet"},{"name":"Component#21"},{"name":"Component#34"},{"name":"Component#27"},{"name":"Component#30"},{"name":"Chair"},{"name":"Group#10"},{"lightmapResolution":120,"name":"Seat"},{"name":"Group#12"},{"name":"leg_assembly_left"},{"name":"leg_1"},{"name":"leg_4"},{"name":"leg_2"},{"name":"leg_3"},{"name":"bar"},{"name":"Coffee table"},{"name":"Grupa_15#1"},{"name":"Grupa_10#1"},{"name":"Grupa_11"},{"name":"Grupa_12"},{"name":"Grupa_13#1"},{"name":"Grupa_10"},{"name":"Grupa_14#1"},{"name":"Grupa_9"},{"name":"Grupa_4#1"},{"name":"Grupa_4#2"},{"name":"Grupa_5"},{"name":"Grupa_20"},{"name":"Grupa_7"},{"name":"Grupa_21"},{"name":"Grupa_28"},{"name":"Grupa_26"},{"name":"Grupa_8"},{"name":"Grupa_6#1"},{"name":"Grupa_6#2"},{"name":"Grupa_6#3"},{"name":"Grupa_6"},{"name":"Grupa_3"},{"name":"Grupa_18"},{"name":"Grupa_4#3"},{"name":"Grupa_4"},{"name":"Grupa_17"},{"name":"Grupa_22"},{"name":"Grupa_23"},{"name":"Grupa_27"},{"name":"Grupa_24"},{"name":"Grupa_13#2"},{"name":"Grupa_13#3"},{"name":"Grupa_13"},{"name":"Grupa_16#1"},{"name":"Blue pillow"},{"name":"Plant 2"},{"name":"Pot 2"},{"name":"Coffee set"},{"name":"Coffee spoon"},{"name":"Coffee saucer"},{"name":"Coffee"},{"name":"Coyote"},{"hideInViews":[2,3],"name":"Ceiling spots"},{"name":"Ceiling spot pair"},{"name":"Ceiling spot"},{"name":"Component#59"},{"name":"Gruppo#3"},{"name":"Group#75"},{"name":"Group#69"},{"name":"Group#49"},{"name":"Group#61"},{"name":"Rug"},{"name":"Remote"},{"name":"Plant 1"},{"name":"Pot 1"},{"name":"Group#29"},{"name":"Group#24"},{"name":"Group#13"},{"name":"Leaves 5"},{"name":"Leaves 2"},{"name":"Leaves 6"},{"name":"Leaves 1"},{"name":"Leaves 3"},{"name":"Leaves 7"},{"name":"Leaves 4"},{"name":"Group#9"},{"name":"Group#7"},{"name":"Group#11"},{"name":"Books"},{"name":"Group#83"},{"name":"Group#79"},{"name":"Group#52"},{"name":"Group#50"},{"name":"Group#82"},{"name":"Group#84"},{"name":"Bookshelf 1"},{"name":"Bookshelf 2"},{"hideInViews":[2,3],"name":"Ceiling"},{"lightmapResolution":10,"name":"Outer ceiling"},{"name":"Floor lamp"},{"name":"Picture 1"},{"name":"Group#38"},{"name":"Group#47"},{"name":"Picture 2"},{"name":"Group#48"},{"name":"Walls"},{"name":"Plinth"},{"name":"Component#115"},{"name":"Component#116"},{"lightmapResolution":10,"name":"Outer walls"},{"name":"{TV screen}TV"},{"name":"{Black shiny plastic}TV"},{"name":"{Glass}Group#2"},{"name":"{White matte plastic}Group#2"},{"name":"{Curtain fabric}Curtain B"},{"name":"{Default}Curtain B"},{"name":"{Chrome}skp2A66"},{"name":"{LED}skp2A66"},{"name":"{Blue leather}Seat"},{"name":"{Black leather}Seat"},{"name":"{Leaf}Plant 2"},{"name":"{Soil}Plant 2"},{"name":"{Chrome}Group#75"},{"name":"{Emissive spot}Group#75"},{"name":"{Default}Ceiling spot"},{"name":"{Chrome}Ceiling spot"},{"name":"{Orange rubber}Remote"},{"name":"{Light gray rubber}Remote"},{"name":"{Charcoal matte plastic}Remote"},{"name":"{Dark gray rubber}Remote"},{"name":"{Gold rubber}Remote"},{"name":"{Book 6}Group#83"},{"name":"{Paper}Group#83"},{"name":"{Book 4}Group#79"},{"name":"{Paper}Group#79"},{"name":"{Book 3}Group#52"},{"name":"{Paper}Group#52"},{"name":"{Book 2}Group#50"},{"name":"{Paper}Group#50"},{"name":"{Book 1}Group#82"},{"name":"{Paper}Group#82"},{"name":"{Book 5}Group#84"},{"name":"{Paper}Group#84"},{"name":"{Black matte metal}Floor lamp"},{"name":"{White matte metal}Floor lamp"},{"name":"{Black matte wood}Group#38"},{"name":"{Picture white}Group#38"},{"name":"{Wall}Walls"},{"name":"{Outside wall}Walls"},{"name":"{Floor}Walls"},{"name":"{Plant bark}Walls"},{"name":"{Default}Walls"}],"nodes":[{"children":[{"children":[{"children":[],"config":"Component#117","id":2,"lightProbeId":0,"mesh":true},{"children":[],"config":"Component#117","id":3,"lightProbeId":0,"mesh":true}],"config":"Component#118","id":1},{"children":[],"config":"Component#350","id":4,"lightProbeId":0,"mesh":true},{"children":[],"config":"Window handle","id":5,"lightProbeId":0,"mesh":true},{"children":[],"config":"Window handle","id":6,"lightProbeId":0,"mesh":true}],"config":"Window","id":0},{"children":[{"children":[],"config":"{TV screen}TV","id":8,"lightProbeId":0,"mesh":true},{"children":[],"config":"{Black shiny plastic}TV","id":9,"lightProbeId":0,"mesh":true}],"config":"TV","id":7},{"children":[{"children":[],"config":"Component#84","id":11,"lightProbeId":0,"mesh":true},{"children":[],"config":"Component#80","id":12,"lightProbeId":0,"mesh":true},{"children":[],"config":"Component#80","id":13,"lightProbeId":0,"mesh":true},{"children":[],"config":"Component#80","id":14,"lightProbeId":0,"mesh":true},{"children":[{"children":[],"config":"Component#82","id":16,"lightProbeId":0,"mesh":true},{"children":[],"config":"Component#83","id":17,"lightProbeId":0,"mesh":true}],"config":"Component#81","id":15},{"children":[],"config":"Component#80","id":18,"lightProbeId":0,"mesh":true}],"config":"Table","id":10},{"children":[],"config":"Striped pillow","id":19,"lightProbeId":0,"mesh":true},{"children":[],"config":"Floor","id":20,"lightProbeId":0,"mesh":true},{"children":[],"config":"Windowsill","id":21,"lightProbeId":0,"mesh":true},{"children":[],"config":"Wallpaper","id":22,"lightProbeId":0,"mesh":true},{"children":[{"children":[],"config":"Group#104","id":24,"lightProbeId":0,"mesh":true},{"children":[{"children":[],"config":"Group#98","id":26,"lightProbeId":0,"mesh":true},{"children":[],"config":"Group#99","id":27,"lightProbeId":0,"mesh":true},{"children":[],"config":"Group#1","id":28,"lightProbeId":0,"mesh":true},{"children":[],"config":"Group#6","id":29,"lightProbeId":0,"mesh":true},{"children":[],"config":"Group#5","id":30,"lightProbeId":0,"mesh":true},{"children":[],"config":"Group#4","id":31,"lightProbeId":0,"mesh":true}],"config":"Door handle","id":25},{"children":[],"config":"Component#327","id":32,"lightProbeId":0,"mesh":true}],"config":"Entrance door","id":23},{"children":[{"children":[{"children":[],"config":"{Glass}Group#2","id":35,"lightProbeId":0,"mesh":true},{"children":[],"config":"{White matte plastic}Group#2","id":36,"lightProbeId":0,"mesh":true}],"config":"Group#2","id":34},{"children":[{"children":[],"config":"Group#101","id":38,"lightProbeId":0,"mesh":true},{"children":[],"config":"Group#102","id":39,"lightProbeId":0,"mesh":true},{"children":[],"config":"Group#103","id":40,"lightProbeId":0,"mesh":true}],"config":"handle#1","id":37},{"children":[],"config":"Component#176","id":41,"lightProbeId":0,"mesh":true},{"children":[{"children":[],"config":"Group#101","id":43,"lightProbeId":0,"mesh":true},{"children":[],"config":"Group#102","id":44,"lightProbeId":0,"mesh":true},{"children":[],"config":"Group#103","id":45,"lightProbeId":0,"mesh":true}],"config":"handle#1","id":42}],"config":"Balcony door","id":33},{"children":[{"children":[],"config":"Curtain A","id":47,"lightProbeId":0,"mesh":true},{"children":[],"config":"Curtain A","id":48,"lightProbeId":0,"mesh":true},{"children":[],"config":"Net curtain","id":49,"lightProbeId":0,"mesh":true},{"children":[{"children":[{"children":[],"config":"Component#124","id":52,"lightProbeId":0,"mesh":true},{"children":[],"config":"Component#124","id":53,"lightProbeId":0,"mesh":true},{"children":[],"config":"Component#126","id":54,"lightProbeId":0,"mesh":true},{"children":[],"config":"Component#126","id":55,"lightProbeId":0,"mesh":true}],"config":"Component#125","id":51},{"children":[],"config":"Long bar","id":56,"lightProbeId":0,"mesh":true},{"children":[],"config":"Component#127","id":57,"lightProbeId":0,"mesh":true},{"children":[{"children":[],"config":"Component#124","id":59,"lightProbeId":0,"mesh":true},{"children":[],"config":"Component#124","id":60,"lightProbeId":0,"mesh":true},{"children":[],"config":"Component#126","id":61,"lightProbeId":0,"mesh":true},{"children":[],"config":"Component#126","id":62,"lightProbeId":0,"mesh":true}],"config":"Component#125","id":58}],"config":"Group#15","id":50}],"config":"Window curtains","id":46},{"children":[{"children":[{"children":[],"config":"{Curtain fabric}Curtain B","id":65,"lightProbeId":0,"mesh":true},{"children":[],"config":"{Default}Curtain B","id":66,"lightProbeId":0,"mesh":true}],"config":"Curtain B","id":64},{"children":[],"config":"Net curtain","id":67,"lightProbeId":0,"mesh":true},{"children":[{"children":[{"children":[],"config":"Component#124","id":70,"lightProbeId":0,"mesh":true},{"children":[],"config":"Component#124","id":71,"lightProbeId":0,"mesh":true},{"children":[],"config":"Component#126","id":72,"lightProbeId":0,"mesh":true},{"children":[],"config":"Component#126","id":73,"lightProbeId":0,"mesh":true}],"config":"Component#125","id":69},{"children":[{"children":[],"config":"Component#124","id":75,"lightProbeId":0,"mesh":true},{"children":[],"config":"Component#124","id":76,"lightProbeId":0,"mesh":true},{"children":[],"config":"Component#126","id":77,"lightProbeId":0,"mesh":true},{"children":[],"config":"Component#126","id":78,"lightProbeId":0,"mesh":true}],"config":"Component#125","id":74},{"children":[],"config":"Component#127","id":79,"lightProbeId":0,"mesh":true},{"children":[],"config":"Long bar 2","id":80,"lightProbeId":0,"mesh":true}],"config":"Group#8","id":68}],"config":"Balcony curtains","id":63},{"children":[{"children":[],"config":"Component#6","id":82,"lightProbeId":0,"mesh":true},{"children":[],"config":"Component#4","id":83,"lightProbeId":0,"mesh":true},{"children":[{"children":[],"config":"{Chrome}skp2A66","id":85,"lightProbeId":0,"mesh":true},{"children":[],"config":"{LED}skp2A66","id":86,"lightProbeId":0,"mesh":true}],"config":"skp2A66","id":84}],"config":"LED Lamp","id":81},{"children":[{"children":[{"children":[],"config":"Component#87","id":89,"lightProbeId":0,"mesh":true},{"children":[],"config":"Component#87","id":90,"lightProbeId":0,"mesh":true},{"children":[],"config":"Component#87","id":91,"lightProbeId":0,"mesh":true},{"children":[],"config":"Component#87","id":92,"lightProbeId":0,"mesh":true},{"children":[],"config":"Component#87","id":93,"lightProbeId":0,"mesh":true},{"children":[],"config":"Component#87","id":94,"lightProbeId":0,"mesh":true}],"config":"Component#106","id":88},{"children":[],"config":"Component#85","id":95,"lightProbeId":0,"mesh":true},{"children":[],"config":"Component#85","id":96,"lightProbeId":0,"mesh":true},{"children":[],"config":"Component#70","id":97,"lightProbeId":0,"mesh":true},{"children":[],"config":"Component#71","id":98,"lightProbeId":0,"mesh":true},{"children":[],"config":"Component#76","id":99,"lightProbeId":0,"mesh":true},{"children":[{"children":[],"config":"Component#136","id":101,"lightProbeId":0,"mesh":true},{"children":[],"config":"Component#137","id":102,"lightProbeId":0,"mesh":true}],"config":"Component#74","id":100},{"children":[],"config":"Component#69","id":103,"lightProbeId":0,"mesh":true},{"children":[],"config":"Component#69","id":104,"lightProbeId":0,"mesh":true},{"children":[],"config":"Component#76","id":105,"lightProbeId":0,"mesh":true},{"children":[],"config":"Component#70","id":106,"lightProbeId":0,"mesh":true},{"children":[],"config":"Component#70","id":107,"lightProbeId":0,"mesh":true},{"children":[],"config":"Component#70","id":108,"lightProbeId":0,"mesh":true},{"children":[],"config":"Component#132","id":109,"lightProbeId":0,"mesh":true},{"children":[],"config":"Component#85","id":110,"lightProbeId":0,"mesh":true},{"children":[],"config":"Union#3","id":111,"lightProbeId":0,"mesh":true},{"children":[],"config":"Component#132","id":112,"lightProbeId":0,"mesh":true},{"children":[],"config":"Component#132","id":113,"lightProbeId":0,"mesh":true},{"children":[],"config":"Component#132","id":114,"lightProbeId":0,"mesh":true},{"children":[],"config":"Component#132","id":115,"lightProbeId":0,"mesh":true},{"children":[],"config":"Component#138","id":116,"lightProbeId":0,"mesh":true},{"children":[],"config":"Component#139","id":117,"lightProbeId":0,"mesh":true},{"children":[{"children":[],"config":"Component#140","id":119,"lightProbeId":0,"mesh":true},{"children":[],"config":"Component#140","id":120,"lightProbeId":0,"mesh":true}],"config":"Component#141","id":118},{"children":[],"config":"Component#142","id":121,"lightProbeId":0,"mesh":true}],"config":"Sofa","id":87},{"children":[{"children":[],"config":"Component#26","id":123,"lightProbeId":0,"mesh":true},{"children":[{"children":[],"config":"Component#10","id":125,"lightProbeId":0,"mesh":true},{"children":[],"config":"Component#10","id":126,"lightProbeId":0,"mesh":true},{"children":[],"config":"Component#10","id":127,"lightProbeId":0,"mesh":true},{"children":[],"config":"Component#10","id":128,"lightProbeId":0,"mesh":true},{"children":[],"config":"Component#23","id":129,"lightProbeId":0,"mesh":true}],"config":"Component#28","id":124},{"children":[],"config":"Component#26","id":130,"lightProbeId":0,"mesh":true},{"children":[],"config":"Component#26","id":131,"lightProbeId":0,"mesh":true},{"children":[],"config":"Component#36","id":132,"lightProbeId":0,"mesh":true},{"children":[{"children":[{"children":[],"config":"Component#99","id":135,"lightProbeId":0,"mesh":true},{"children":[],"config":"Component#13","id":136,"lightProbeId":0,"mesh":true}],"config":"Component#12","id":134},{"children":[],"config":"Component#14","id":137,"lightProbeId":0,"mesh":true}],"config":"Component#25","id":133},{"children":[{"children":[],"config":"Component#100","id":139,"lightProbeId":0,"mesh":true},{"children":[],"config":"Component#96","id":140,"lightProbeId":0,"mesh":true}],"config":"Component#101","id":138},{"children":[{"children":[],"config":"Component#100","id":142,"lightProbeId":0,"mesh":true},{"children":[],"config":"Component#96","id":143,"lightProbeId":0,"mesh":true}],"config":"Component#101","id":141}],"config":"TV bench","id":122},{"children":[{"children":[],"config":"Component#21","id":145,"lightProbeId":0,"mesh":true},{"children":[],"config":"Component#34","id":146,"lightProbeId":0,"mesh":true},{"children":[],"config":"Component#34","id":147,"lightProbeId":0,"mesh":true},{"children":[],"config":"Component#27","id":148,"lightProbeId":0,"mesh":true},{"children":[{"children":[],"config":"Component#100","id":150,"lightProbeId":0,"mesh":true},{"children":[],"config":"Component#96","id":151,"lightProbeId":0,"mesh":true}],"config":"Component#101","id":149},{"children":[],"config":"Component#30","id":152,"lightProbeId":0,"mesh":true},{"children":[],"config":"Component#10","id":153,"lightProbeId":0,"mesh":true},{"children":[],"config":"Component#10","id":154,"lightProbeId":0,"mesh":true},{"children":[],"config":"Component#10","id":155,"lightProbeId":0,"mesh":true},{"children":[],"config":"Component#10","id":156,"lightProbeId":0,"mesh":true},{"children":[{"children":[],"config":"Component#100","id":158,"lightProbeId":0,"mesh":true},{"children":[],"config":"Component#96","id":159,"lightProbeId":0,"mesh":true}],"config":"Component#101","id":157},{"children":[{"children":[],"config":"Component#100","id":161,"lightProbeId":0,"mesh":true},{"children":[],"config":"Component#96","id":162,"lightProbeId":0,"mesh":true}],"config":"Component#101","id":160}],"config":"Cabinet","id":144},{"children":[{"children":[{"children":[{"children":[],"config":"{Blue leather}Seat","id":166,"lightProbeId":0,"mesh":true},{"children":[],"config":"{Black leather}Seat","id":167,"lightProbeId":0,"mesh":true}],"config":"Seat","id":165}],"config":"Group#10","id":164},{"children":[{"children":[{"children":[],"config":"leg_1","id":170,"lightProbeId":0,"mesh":true},{"children":[],"config":"leg_4","id":171,"lightProbeId":0,"mesh":true},{"children":[],"config":"leg_2","id":172,"lightProbeId":0,"mesh":true},{"children":[],"config":"leg_3","id":173,"lightProbeId":0,"mesh":true}],"config":"leg_assembly_left","id":169},{"children":[{"children":[],"config":"leg_1","id":175,"lightProbeId":0,"mesh":true},{"children":[],"config":"leg_4","id":176,"lightProbeId":0,"mesh":true},{"children":[],"config":"leg_2","id":177,"lightProbeId":0,"mesh":true},{"children":[],"config":"leg_3","id":178,"lightProbeId":0,"mesh":true}],"config":"leg_assembly_left","id":174},{"children":[],"config":"bar","id":179,"lightProbeId":0,"mesh":true},{"children":[],"config":"bar","id":180,"lightProbeId":0,"mesh":true}],"config":"Group#12","id":168}],"config":"Chair","id":163},{"children":[{"children":[{"children":[{"children":[],"config":"{Blue leather}Seat","id":184,"lightProbeId":0,"mesh":true},{"children":[],"config":"{Black leather}Seat","id":185,"lightProbeId":0,"mesh":true}],"config":"Seat","id":183}],"config":"Group#10","id":182},{"children":[{"children":[{"children":[],"config":"leg_1","id":188,"lightProbeId":0,"mesh":true},{"children":[],"config":"leg_4","id":189,"lightProbeId":0,"mesh":true},{"children":[],"config":"leg_2","id":190,"lightProbeId":0,"mesh":true},{"children":[],"config":"leg_3","id":191,"lightProbeId":0,"mesh":true}],"config":"leg_assembly_left","id":187},{"children":[{"children":[],"config":"leg_1","id":193,"lightProbeId":0,"mesh":true},{"children":[],"config":"leg_4","id":194,"lightProbeId":0,"mesh":true},{"children":[],"config":"leg_2","id":195,"lightProbeId":0,"mesh":true},{"children":[],"config":"leg_3","id":196,"lightProbeId":0,"mesh":true}],"config":"leg_assembly_left","id":192},{"children":[],"config":"bar","id":197,"lightProbeId":0,"mesh":true},{"children":[],"config":"bar","id":198,"lightProbeId":0,"mesh":true}],"config":"Group#12","id":186}],"config":"Chair","id":181},{"children":[{"children":[{"children":[{"children":[],"config":"{Blue leather}Seat","id":202,"lightProbeId":0,"mesh":true},{"children":[],"config":"{Black leather}Seat","id":203,"lightProbeId":0,"mesh":true}],"config":"Seat","id":201}],"config":"Group#10","id":200},{"children":[{"children":[{"children":[],"config":"leg_1","id":206,"lightProbeId":0,"mesh":true},{"children":[],"config":"leg_4","id":207,"lightProbeId":0,"mesh":true},{"children":[],"config":"leg_2","id":208,"lightProbeId":0,"mesh":true},{"children":[],"config":"leg_3","id":209,"lightProbeId":0,"mesh":true}],"config":"leg_assembly_left","id":205},{"children":[{"children":[],"config":"leg_1","id":211,"lightProbeId":0,"mesh":true},{"children":[],"config":"leg_4","id":212,"lightProbeId":0,"mesh":true},{"children":[],"config":"leg_2","id":213,"lightProbeId":0,"mesh":true},{"children":[],"config":"leg_3","id":214,"lightProbeId":0,"mesh":true}],"config":"leg_assembly_left","id":210},{"children":[],"config":"bar","id":215,"lightProbeId":0,"mesh":true},{"children":[],"config":"bar","id":216,"lightProbeId":0,"mesh":true}],"config":"Group#12","id":204}],"config":"Chair","id":199},{"children":[{"children":[{"children":[{"children":[],"config":"{Blue leather}Seat","id":220,"lightProbeId":0,"mesh":true},{"children":[],"config":"{Black leather}Seat","id":221,"lightProbeId":0,"mesh":true}],"config":"Seat","id":219}],"config":"Group#10","id":218},{"children":[{"children":[{"children":[],"config":"leg_1","id":224,"lightProbeId":0,"mesh":true},{"children":[],"config":"leg_4","id":225,"lightProbeId":0,"mesh":true},{"children":[],"config":"leg_2","id":226,"lightProbeId":0,"mesh":true},{"children":[],"config":"leg_3","id":227,"lightProbeId":0,"mesh":true}],"config":"leg_assembly_left","id":223},{"children":[{"children":[],"config":"leg_1","id":229,"lightProbeId":0,"mesh":true},{"children":[],"config":"leg_4","id":230,"lightProbeId":0,"mesh":true},{"children":[],"config":"leg_2","id":231,"lightProbeId":0,"mesh":true},{"children":[],"config":"leg_3","id":232,"lightProbeId":0,"mesh":true}],"config":"leg_assembly_left","id":228},{"children":[],"config":"bar","id":233,"lightProbeId":0,"mesh":true},{"children":[],"config":"bar","id":234,"lightProbeId":0,"mesh":true}],"config":"Group#12","id":222}],"config":"Chair","id":217},{"children":[{"children":[{"children":[],"config":"Grupa_10#1","id":237,"lightProbeId":0,"mesh":true},{"children":[],"config":"Grupa_11","id":238,"lightProbeId":0,"mesh":true},{"children":[],"config":"Grupa_12","id":239,"lightProbeId":0,"mesh":true},{"children":[],"config":"Grupa_13#1","id":240,"lightProbeId":0,"mesh":true},{"children":[],"config":"Grupa_10","id":241,"lightProbeId":0,"mesh":true},{"children":[{"children":[{"children":[],"config":"Grupa_4#1","id":244,"lightProbeId":0,"mesh":true},{"children":[],"config":"Grupa_4#2","id":245,"lightProbeId":0,"mesh":true},{"children":[],"config":"Grupa_5","id":246,"lightProbeId":0,"mesh":true},{"children":[],"config":"Grupa_20","id":247,"lightProbeId":0,"mesh":true},{"children":[],"config":"Grupa_7","id":248,"lightProbeId":0,"mesh":true},{"children":[],"config":"Grupa_21","id":249,"lightProbeId":0,"mesh":true},{"children":[],"config":"Grupa_28","id":250,"lightProbeId":0,"mesh":true},{"children":[],"config":"Grupa_26","id":251,"lightProbeId":0,"mesh":true}],"config":"Grupa_9","id":243},{"children":[{"children":[],"config":"Grupa_6#1","id":253,"lightProbeId":0,"mesh":true},{"children":[],"config":"Grupa_6#2","id":254,"lightProbeId":0,"mesh":true},{"children":[],"config":"Grupa_6#3","id":255,"lightProbeId":0,"mesh":true},{"children":[],"config":"Grupa_6","id":256,"lightProbeId":0,"mesh":true}],"config":"Grupa_8","id":252},{"children":[{"children":[],"config":"Grupa_18","id":258,"lightProbeId":0,"mesh":true},{"children":[],"config":"Grupa_4#3","id":259,"lightProbeId":0,"mesh":true},{"children":[],"config":"Grupa_4","id":260,"lightProbeId":0,"mesh":true},{"children":[],"config":"Grupa_17","id":261,"lightProbeId":0,"mesh":true},{"children":[],"config":"Grupa_22","id":262,"lightProbeId":0,"mesh":true},{"children":[],"config":"Grupa_23","id":263,"lightProbeId":0,"mesh":true},{"children":[],"config":"Grupa_27","id":264,"lightProbeId":0,"mesh":true},{"children":[],"config":"Grupa_24","id":265,"lightProbeId":0,"mesh":true}],"config":"Grupa_3","id":257}],"config":"Grupa_14#1","id":242},{"children":[],"config":"Grupa_13#2","id":266,"lightProbeId":0,"mesh":true},{"children":[],"config":"Grupa_13#3","id":267,"lightProbeId":0,"mesh":true},{"children":[],"config":"Grupa_13","id":268,"lightProbeId":0,"mesh":true}],"config":"Grupa_15#1","id":236},{"children":[],"config":"Grupa_16#1","id":269,"lightProbeId":0,"mesh":true}],"config":"Coffee table","id":235},{"children":[],"config":"Blue pillow","id":270,"lightProbeId":0,"mesh":true},{"children":[{"children":[],"config":"Pot 2","id":272,"lightProbeId":0,"mesh":true},{"children":[],"config":"{Leaf}Plant 2","id":273,"lightProbeId":0,"mesh":true},{"children":[],"config":"{Soil}Plant 2","id":274,"lightProbeId":0,"mesh":true}],"config":"Plant 2","id":271},{"children":[{"children":[],"config":"Coffee spoon","id":276,"lightProbeId":0,"mesh":true},{"children":[],"config":"Coffee saucer","id":277,"lightProbeId":0,"mesh":true},{"children":[],"config":"Coffee","id":278,"lightProbeId":0,"mesh":true}],"config":"Coffee set","id":275,"lightProbeId":0,"mesh":true},{"children":[],"config":"Coyote","id":279,"lightProbeId":0,"mesh":true},{"children":[{"children":[{"children":[{"children":[{"children":[],"config":"Gruppo#3","id":284,"lightProbeId":0,"mesh":true},{"children":[{"children":[],"config":"Group#69","id":286,"lightProbeId":0,"mesh":true},{"children":[],"config":"{Chrome}Group#75","id":287,"lightProbeId":0,"mesh":true},{"children":[],"config":"{Emissive spot}Group#75","id":288,"lightProbeId":0,"mesh":true}],"config":"Group#75","id":285}],"config":"Component#59","id":283},{"children":[],"config":"Group#49","id":289,"lightProbeId":0,"mesh":true},{"children":[],"config":"Group#61","id":290,"lightProbeId":0,"mesh":true},{"children":[],"config":"{Default}Ceiling spot","id":291,"lightProbeId":0,"mesh":true},{"children":[],"config":"{Chrome}Ceiling spot","id":292,"lightProbeId":0,"mesh":true}],"config":"Ceiling spot","id":282},{"children":[{"children":[{"children":[],"config":"Gruppo#3","id":295,"lightProbeId":0,"mesh":true},{"children":[{"children":[],"config":"Group#69","id":297,"lightProbeId":0,"mesh":true},{"children":[],"config":"{Chrome}Group#75","id":298,"lightProbeId":0,"mesh":true},{"children":[],"config":"{Emissive spot}Group#75","id":299,"lightProbeId":0,"mesh":true}],"config":"Group#75","id":296}],"config":"Component#59","id":294},{"children":[],"config":"Group#49","id":300,"lightProbeId":0,"mesh":true},{"children":[],"config":"Group#61","id":301,"lightProbeId":0,"mesh":true},{"children":[],"config":"{Default}Ceiling spot","id":302,"lightProbeId":0,"mesh":true},{"children":[],"config":"{Chrome}Ceiling spot","id":303,"lightProbeId":0,"mesh":true}],"config":"Ceiling spot","id":293}],"config":"Ceiling spot pair","id":281},{"children":[{"children":[{"children":[{"children":[],"config":"Gruppo#3","id":307,"lightProbeId":0,"mesh":true},{"children":[{"children":[],"config":"Group#69","id":309,"lightProbeId":0,"mesh":true},{"children":[],"config":"{Chrome}Group#75","id":310,"lightProbeId":0,"mesh":true},{"children":[],"config":"{Emissive spot}Group#75","id":311,"lightProbeId":0,"mesh":true}],"config":"Group#75","id":308}],"config":"Component#59","id":306},{"children":[],"config":"Group#49","id":312,"lightProbeId":0,"mesh":true},{"children":[],"config":"Group#61","id":313,"lightProbeId":0,"mesh":true},{"children":[],"config":"{Default}Ceiling spot","id":314,"lightProbeId":0,"mesh":true},{"children":[],"config":"{Chrome}Ceiling spot","id":315,"lightProbeId":0,"mesh":true}],"config":"Ceiling spot","id":305},{"children":[{"children":[{"children":[],"config":"Gruppo#3","id":318,"lightProbeId":0,"mesh":true},{"children":[{"children":[],"config":"Group#69","id":320,"lightProbeId":0,"mesh":true},{"children":[],"config":"{Chrome}Group#75","id":321,"lightProbeId":0,"mesh":true},{"children":[],"config":"{Emissive spot}Group#75","id":322,"lightProbeId":0,"mesh":true}],"config":"Group#75","id":319}],"config":"Component#59","id":317},{"children":[],"config":"Group#49","id":323,"lightProbeId":0,"mesh":true},{"children":[],"config":"Group#61","id":324,"lightProbeId":0,"mesh":true},{"children":[],"config":"{Default}Ceiling spot","id":325,"lightProbeId":0,"mesh":true},{"children":[],"config":"{Chrome}Ceiling spot","id":326,"lightProbeId":0,"mesh":true}],"config":"Ceiling spot","id":316}],"config":"Ceiling spot pair","id":304},{"children":[{"children":[{"children":[{"children":[],"config":"Gruppo#3","id":330,"lightProbeId":0,"mesh":true},{"children":[{"children":[],"config":"Group#69","id":332,"lightProbeId":0,"mesh":true},{"children":[],"config":"{Chrome}Group#75","id":333,"lightProbeId":0,"mesh":true},{"children":[],"config":"{Emissive spot}Group#75","id":334,"lightProbeId":0,"mesh":true}],"config":"Group#75","id":331}],"config":"Component#59","id":329},{"children":[],"config":"Group#49","id":335,"lightProbeId":0,"mesh":true},{"children":[],"config":"Group#61","id":336,"lightProbeId":0,"mesh":true},{"children":[],"config":"{Default}Ceiling spot","id":337,"lightProbeId":0,"mesh":true},{"children":[],"config":"{Chrome}Ceiling spot","id":338,"lightProbeId":0,"mesh":true}],"config":"Ceiling spot","id":328},{"children":[{"children":[{"children":[],"config":"Gruppo#3","id":341,"lightProbeId":0,"mesh":true},{"children":[{"children":[],"config":"Group#69","id":343,"lightProbeId":0,"mesh":true},{"children":[],"config":"{Chrome}Group#75","id":344,"lightProbeId":0,"mesh":true},{"children":[],"config":"{Emissive spot}Group#75","id":345,"lightProbeId":0,"mesh":true}],"config":"Group#75","id":342}],"config":"Component#59","id":340},{"children":[],"config":"Group#49","id":346,"lightProbeId":0,"mesh":true},{"children":[],"config":"Group#61","id":347,"lightProbeId":0,"mesh":true},{"children":[],"config":"{Default}Ceiling spot","id":348,"lightProbeId":0,"mesh":true},{"children":[],"config":"{Chrome}Ceiling spot","id":349,"lightProbeId":0,"mesh":true}],"config":"Ceiling spot","id":339}],"config":"Ceiling spot pair","id":327}],"config":"Ceiling spots","id":280},{"children":[],"config":"Rug","id":350,"lightProbeId":0,"mesh":true},{"children":[{"children":[],"config":"{Orange rubber}Remote","id":352,"lightProbeId":0,"mesh":true},{"children":[],"config":"{Light gray rubber}Remote","id":353,"lightProbeId":0,"mesh":true},{"children":[],"config":"{Charcoal matte plastic}Remote","id":354,"lightProbeId":0,"mesh":true},{"children":[],"config":"{Dark gray rubber}Remote","id":355,"lightProbeId":0,"mesh":true},{"children":[],"config":"{Gold rubber}Remote","id":356,"lightProbeId":0,"mesh":true}],"config":"Remote","id":351},{"children":[{"children":[{"children":[],"config":"Group#29","id":359,"lightProbeId":0,"mesh":true},{"children":[],"config":"Group#24","id":360,"lightProbeId":0,"mesh":true}],"config":"Pot 1","id":358},{"children":[{"children":[],"config":"Leaves 5","id":362,"lightProbeId":0,"mesh":true},{"children":[],"config":"Leaves 2","id":363,"lightProbeId":0,"mesh":true},{"children":[],"config":"Leaves 6","id":364,"lightProbeId":0,"mesh":true},{"children":[],"config":"Leaves 1","id":365,"lightProbeId":0,"mesh":true},{"children":[],"config":"Leaves 6","id":366,"lightProbeId":0,"mesh":true},{"children":[],"config":"Leaves 6","id":367,"lightProbeId":0,"mesh":true},{"children":[],"config":"Leaves 2","id":368,"lightProbeId":0,"mesh":true},{"children":[],"config":"Leaves 6","id":369,"lightProbeId":0,"mesh":true},{"children":[],"config":"Leaves 2","id":370,"lightProbeId":0,"mesh":true},{"children":[],"config":"Leaves 3","id":371,"lightProbeId":0,"mesh":true},{"children":[],"config":"Leaves 6","id":372,"lightProbeId":0,"mesh":true},{"children":[],"config":"Leaves 6","id":373,"lightProbeId":0,"mesh":true},{"children":[],"config":"Leaves 6","id":374,"lightProbeId":0,"mesh":true},{"children":[],"config":"Leaves 6","id":375,"lightProbeId":0,"mesh":true},{"children":[],"config":"Leaves 3","id":376,"lightProbeId":0,"mesh":true},{"children":[],"config":"Leaves 2","id":377,"lightProbeId":0,"mesh":true},{"children":[],"config":"Leaves 2","id":378,"lightProbeId":0,"mesh":true},{"children":[],"config":"Leaves 7","id":379,"lightProbeId":0,"mesh":true},{"children":[],"config":"Leaves 3","id":380,"lightProbeId":0,"mesh":true},{"children":[],"config":"Leaves 6","id":381,"lightProbeId":0,"mesh":true},{"children":[],"config":"Leaves 3","id":382,"lightProbeId":0,"mesh":true},{"children":[],"config":"Leaves 6","id":383,"lightProbeId":0,"mesh":true},{"children":[],"config":"Leaves 3","id":384,"lightProbeId":0,"mesh":true},{"children":[],"config":"Leaves 6","id":385,"lightProbeId":0,"mesh":true},{"children":[],"config":"Leaves 6","id":386,"lightProbeId":0,"mesh":true},{"children":[],"config":"Leaves 6","id":387,"lightProbeId":0,"mesh":true},{"children":[],"config":"Leaves 6","id":388,"lightProbeId":0,"mesh":true},{"children":[],"config":"Leaves 6","id":389,"lightProbeId":0,"mesh":true},{"children":[],"config":"Leaves 6","id":390,"lightProbeId":0,"mesh":true},{"children":[],"config":"Leaves 2","id":391,"lightProbeId":0,"mesh":true},{"children":[],"config":"Leaves 7","id":392,"lightProbeId":0,"mesh":true},{"children":[],"config":"Leaves 3","id":393,"lightProbeId":0,"mesh":true},{"children":[],"config":"Leaves 4","id":394,"lightProbeId":0,"mesh":true},{"children":[],"config":"Leaves 6","id":395,"lightProbeId":0,"mesh":true},{"children":[],"config":"Leaves 6","id":396,"lightProbeId":0,"mesh":true},{"children":[],"config":"Leaves 3","id":397,"lightProbeId":0,"mesh":true},{"children":[],"config":"Leaves 6","id":398,"lightProbeId":0,"mesh":true},{"children":[],"config":"Leaves 3","id":399,"lightProbeId":0,"mesh":true},{"children":[],"config":"Leaves 6","id":400,"lightProbeId":0,"mesh":true},{"children":[],"config":"Leaves 5","id":401,"lightProbeId":0,"mesh":true},{"children":[],"config":"Leaves 4","id":402,"lightProbeId":0,"mesh":true},{"children":[],"config":"Leaves 1","id":403,"lightProbeId":0,"mesh":true},{"children":[],"config":"Leaves 2","id":404,"lightProbeId":0,"mesh":true},{"children":[],"config":"Leaves 2","id":405,"lightProbeId":0,"mesh":true},{"children":[],"config":"Leaves 6","id":406,"lightProbeId":0,"mesh":true},{"children":[],"config":"Leaves 4","id":407,"lightProbeId":0,"mesh":true},{"children":[],"config":"Leaves 2","id":408,"lightProbeId":0,"mesh":true},{"children":[],"config":"Leaves 1","id":409,"lightProbeId":0,"mesh":true},{"children":[],"config":"Leaves 2","id":410,"lightProbeId":0,"mesh":true},{"children":[],"config":"Leaves 6","id":411,"lightProbeId":0,"mesh":true},{"children":[],"config":"Leaves 6","id":412,"lightProbeId":0,"mesh":true},{"children":[],"config":"Leaves 2","id":413,"lightProbeId":0,"mesh":true},{"children":[],"config":"Leaves 6","id":414,"lightProbeId":0,"mesh":true},{"children":[],"config":"Leaves 6","id":415,"lightProbeId":0,"mesh":true},{"children":[],"config":"Leaves 2","id":416,"lightProbeId":0,"mesh":true},{"children":[],"config":"Leaves 6","id":417,"lightProbeId":0,"mesh":true},{"children":[],"config":"Leaves 2","id":418,"lightProbeId":0,"mesh":true},{"children":[],"config":"Leaves 2","id":419,"lightProbeId":0,"mesh":true},{"children":[],"config":"Leaves 4","id":420,"lightProbeId":0,"mesh":true},{"children":[],"config":"Leaves 2","id":421,"lightProbeId":0,"mesh":true},{"children":[],"config":"Leaves 6","id":422,"lightProbeId":0,"mesh":true},{"children":[],"config":"Leaves 2","id":423,"lightProbeId":0,"mesh":true},{"children":[],"config":"Leaves 4","id":424,"lightProbeId":0,"mesh":true},{"children":[],"config":"Leaves 6","id":425,"lightProbeId":0,"mesh":true},{"children":[],"config":"Leaves 4","id":426,"lightProbeId":0,"mesh":true},{"children":[],"config":"Leaves 6","id":427,"lightProbeId":0,"mesh":true},{"children":[],"config":"Leaves 4","id":428,"lightProbeId":0,"mesh":true},{"children":[],"config":"Leaves 4","id":429,"lightProbeId":0,"mesh":true},{"children":[],"config":"Leaves 2","id":430,"lightProbeId":0,"mesh":true},{"children":[],"config":"Leaves 6","id":431,"lightProbeId":0,"mesh":true},{"children":[],"config":"Leaves 6","id":432,"lightProbeId":0,"mesh":true},{"children":[],"config":"Leaves 4","id":433,"lightProbeId":0,"mesh":true},{"children":[],"config":"Leaves 6","id":434,"lightProbeId":0,"mesh":true},{"children":[],"config":"Leaves 4","id":435,"lightProbeId":0,"mesh":true},{"children":[],"config":"Leaves 2","id":436,"lightProbeId":0,"mesh":true},{"children":[],"config":"Leaves 6","id":437,"lightProbeId":0,"mesh":true},{"children":[],"config":"Leaves 6","id":438,"lightProbeId":0,"mesh":true},{"children":[],"config":"Leaves 6","id":439,"lightProbeId":0,"mesh":true},{"children":[],"config":"Leaves 6","id":440,"lightProbeId":0,"mesh":true},{"children":[],"config":"Leaves 6","id":441,"lightProbeId":0,"mesh":true},{"children":[],"config":"Leaves 6","id":442,"lightProbeId":0,"mesh":true},{"children":[],"config":"Leaves 6","id":443,"lightProbeId":0,"mesh":true},{"children":[],"config":"Leaves 6","id":444,"lightProbeId":0,"mesh":true},{"children":[],"config":"Leaves 6","id":445,"lightProbeId":0,"mesh":true},{"children":[],"config":"Leaves 6","id":446,"lightProbeId":0,"mesh":true},{"children":[],"config":"Leaves 6","id":447,"lightProbeId":0,"mesh":true},{"children":[],"config":"Leaves 7","id":448,"lightProbeId":0,"mesh":true},{"children":[],"config":"Leaves 2","id":449,"lightProbeId":0,"mesh":true},{"children":[],"config":"Leaves 6","id":450,"lightProbeId":0,"mesh":true},{"children":[],"config":"Leaves 1","id":451,"lightProbeId":0,"mesh":true},{"children":[{"children":[],"config":"Leaves 2","id":453,"lightProbeId":0,"mesh":true},{"children":[],"config":"Leaves 2","id":454,"lightProbeId":0,"mesh":true},{"children":[],"config":"Leaves 2","id":455,"lightProbeId":0,"mesh":true},{"children":[],"config":"Leaves 2","id":456,"lightProbeId":0,"mesh":true},{"children":[],"config":"Leaves 2","id":457,"lightProbeId":0,"mesh":true},{"children":[],"config":"Leaves 2","id":458,"lightProbeId":0,"mesh":true},{"children":[],"config":"Leaves 2","id":459,"lightProbeId":0,"mesh":true},{"children":[],"config":"Leaves 2","id":460,"lightProbeId":0,"mesh":true}],"config":"Group#9","id":452},{"children":[],"config":"Leaves 4","id":461,"lightProbeId":0,"mesh":true},{"children":[],"config":"Leaves 6","id":462,"lightProbeId":0,"mesh":true},{"children":[],"config":"Leaves 4","id":463,"lightProbeId":0,"mesh":true},{"children":[],"config":"Leaves 6","id":464,"lightProbeId":0,"mesh":true},{"children":[],"config":"Leaves 2","id":465,"lightProbeId":0,"mesh":true},{"children":[],"config":"Leaves 6","id":466,"lightProbeId":0,"mesh":true},{"children":[],"config":"Leaves 6","id":467,"lightProbeId":0,"mesh":true},{"children":[],"config":"Leaves 3","id":468,"lightProbeId":0,"mesh":true},{"children":[],"config":"Leaves 4","id":469,"lightProbeId":0,"mesh":true},{"children":[],"config":"Leaves 4","id":470,"lightProbeId":0,"mesh":true},{"children":[],"config":"Leaves 4","id":471,"lightProbeId":0,"mesh":true},{"children":[],"config":"Leaves 4","id":472,"lightProbeId":0,"mesh":true},{"children":[],"config":"Leaves 2","id":473,"lightProbeId":0,"mesh":true},{"children":[],"config":"Leaves 4","id":474,"lightProbeId":0,"mesh":true},{"children":[],"config":"Leaves 6","id":475,"lightProbeId":0,"mesh":true},{"children":[],"config":"Leaves 4","id":476,"lightProbeId":0,"mesh":true},{"children":[],"config":"Leaves 4","id":477,"lightProbeId":0,"mesh":true},{"children":[],"config":"Leaves 4","id":478,"lightProbeId":0,"mesh":true},{"children":[],"config":"Leaves 4","id":479,"lightProbeId":0,"mesh":true},{"children":[],"config":"Leaves 4","id":480,"lightProbeId":0,"mesh":true},{"children":[],"config":"Leaves 4","id":481,"lightProbeId":0,"mesh":true},{"children":[],"config":"Leaves 1","id":482,"lightProbeId":0,"mesh":true},{"children":[],"config":"Leaves 4","id":483,"lightProbeId":0,"mesh":true},{"children":[{"children":[],"config":"Leaves 6","id":485,"lightProbeId":0,"mesh":true},{"children":[],"config":"Leaves 6","id":486,"lightProbeId":0,"mesh":true},{"children":[],"config":"Leaves 6","id":487,"lightProbeId":0,"mesh":true},{"children":[],"config":"Leaves 6","id":488,"lightProbeId":0,"mesh":true},{"children":[],"config":"Leaves 6","id":489,"lightProbeId":0,"mesh":true}],"config":"Group#7","id":484},{"children":[],"config":"Leaves 6","id":490,"lightProbeId":0,"mesh":true},{"children":[],"config":"Leaves 4","id":491,"lightProbeId":0,"mesh":true},{"children":[],"config":"Leaves 4","id":492,"lightProbeId":0,"mesh":true},{"children":[],"config":"Leaves 4","id":493,"lightProbeId":0,"mesh":true},{"children":[],"config":"Leaves 5","id":494,"lightProbeId":0,"mesh":true},{"children":[],"config":"Leaves 6","id":495,"lightProbeId":0,"mesh":true},{"children":[],"config":"Leaves 5","id":496,"lightProbeId":0,"mesh":true},{"children":[],"config":"Leaves 5","id":497,"lightProbeId":0,"mesh":true},{"children":[],"config":"Leaves 5","id":498,"lightProbeId":0,"mesh":true},{"children":[],"config":"Leaves 5","id":499,"lightProbeId":0,"mesh":true},{"children":[],"config":"Leaves 5","id":500,"lightProbeId":0,"mesh":true},{"children":[],"config":"Leaves 5","id":501,"lightProbeId":0,"mesh":true},{"children":[],"config":"Leaves 5","id":502,"lightProbeId":0,"mesh":true},{"children":[],"config":"Leaves 5","id":503,"lightProbeId":0,"mesh":true},{"children":[],"config":"Leaves 5","id":504,"lightProbeId":0,"mesh":true},{"children":[],"config":"Leaves 5","id":505,"lightProbeId":0,"mesh":true},{"children":[],"config":"Leaves 5","id":506,"lightProbeId":0,"mesh":true},{"children":[],"config":"Leaves 5","id":507,"lightProbeId":0,"mesh":true},{"children":[],"config":"Leaves 5","id":508,"lightProbeId":0,"mesh":true},{"children":[],"config":"Leaves 7","id":509,"lightProbeId":0,"mesh":true},{"children":[],"config":"Leaves 6","id":510,"lightProbeId":0,"mesh":true},{"children":[],"config":"Leaves 6","id":511,"lightProbeId":0,"mesh":true},{"children":[],"config":"Leaves 3","id":512,"lightProbeId":0,"mesh":true},{"children":[],"config":"Leaves 2","id":513,"lightProbeId":0,"mesh":true},{"children":[],"config":"Leaves 6","id":514,"lightProbeId":0,"mesh":true},{"children":[],"config":"Leaves 2","id":515,"lightProbeId":0,"mesh":true},{"children":[],"config":"Leaves 7","id":516,"lightProbeId":0,"mesh":true},{"children":[],"config":"Leaves 7","id":517,"lightProbeId":0,"mesh":true},{"children":[],"config":"Leaves 4","id":518,"lightProbeId":0,"mesh":true},{"children":[],"config":"Leaves 6","id":519,"lightProbeId":0,"mesh":true},{"children":[],"config":"Leaves 6","id":520,"lightProbeId":0,"mesh":true},{"children":[],"config":"Leaves 2","id":521,"lightProbeId":0,"mesh":true},{"children":[],"config":"Leaves 4","id":522,"lightProbeId":0,"mesh":true},{"children":[],"config":"Leaves 7","id":523,"lightProbeId":0,"mesh":true},{"children":[],"config":"Leaves 4","id":524,"lightProbeId":0,"mesh":true},{"children":[],"config":"Leaves 7","id":525,"lightProbeId":0,"mesh":true},{"children":[],"config":"Leaves 7","id":526,"lightProbeId":0,"mesh":true},{"children":[],"config":"Leaves 6","id":527,"lightProbeId":0,"mesh":true},{"children":[],"config":"Leaves 6","id":528,"lightProbeId":0,"mesh":true},{"children":[],"config":"Leaves 1","id":529,"lightProbeId":0,"mesh":true},{"children":[],"config":"Leaves 7","id":530,"lightProbeId":0,"mesh":true},{"children":[],"config":"Leaves 7","id":531,"lightProbeId":0,"mesh":true},{"children":[],"config":"Leaves 6","id":532,"lightProbeId":0,"mesh":true},{"children":[],"config":"Leaves 6","id":533,"lightProbeId":0,"mesh":true},{"children":[],"config":"Leaves 6","id":534,"lightProbeId":0,"mesh":true},{"children":[],"config":"Group#11","id":535,"lightProbeId":0,"mesh":true}],"config":"Group#13","id":361}],"config":"Plant 1","id":357},{"children":[{"children":[{"children":[],"config":"Group#29","id":538,"lightProbeId":0,"mesh":true},{"children":[],"config":"Group#24","id":539,"lightProbeId":0,"mesh":true}],"config":"Pot 1","id":537},{"children":[{"children":[],"config":"Leaves 5","id":541,"lightProbeId":0,"mesh":true},{"children":[],"config":"Leaves 2","id":542,"lightProbeId":0,"mesh":true},{"children":[],"config":"Leaves 6","id":543,"lightProbeId":0,"mesh":true},{"children":[],"config":"Leaves 1","id":544,"lightProbeId":0,"mesh":true},{"children":[],"config":"Leaves 6","id":545,"lightProbeId":0,"mesh":true},{"children":[],"config":"Leaves 6","id":546,"lightProbeId":0,"mesh":true},{"children":[],"config":"Leaves 2","id":547,"lightProbeId":0,"mesh":true},{"children":[],"config":"Leaves 6","id":548,"lightProbeId":0,"mesh":true},{"children":[],"config":"Leaves 2","id":549,"lightProbeId":0,"mesh":true},{"children":[],"config":"Leaves 3","id":550,"lightProbeId":0,"mesh":true},{"children":[],"config":"Leaves 6","id":551,"lightProbeId":0,"mesh":true},{"children":[],"config":"Leaves 6","id":552,"lightProbeId":0,"mesh":true},{"children":[],"config":"Leaves 6","id":553,"lightProbeId":0,"mesh":true},{"children":[],"config":"Leaves 6","id":554,"lightProbeId":0,"mesh":true},{"children":[],"config":"Leaves 3","id":555,"lightProbeId":0,"mesh":true},{"children":[],"config":"Leaves 2","id":556,"lightProbeId":0,"mesh":true},{"children":[],"config":"Leaves 2","id":557,"lightProbeId":0,"mesh":true},{"children":[],"config":"Leaves 7","id":558,"lightProbeId":0,"mesh":true},{"children":[],"config":"Leaves 3","id":559,"lightProbeId":0,"mesh":true},{"children":[],"config":"Leaves 6","id":560,"lightProbeId":0,"mesh":true},{"children":[],"config":"Leaves 3","id":561,"lightProbeId":0,"mesh":true},{"children":[],"config":"Leaves 6","id":562,"lightProbeId":0,"mesh":true},{"children":[],"config":"Leaves 3","id":563,"lightProbeId":0,"mesh":true},{"children":[],"config":"Leaves 6","id":564,"lightProbeId":0,"mesh":true},{"children":[],"config":"Leaves 6","id":565,"lightProbeId":0,"mesh":true},{"children":[],"config":"Leaves 6","id":566,"lightProbeId":0,"mesh":true},{"children":[],"config":"Leaves 6","id":567,"lightProbeId":0,"mesh":true},{"children":[],"config":"Leaves 6","id":568,"lightProbeId":0,"mesh":true},{"children":[],"config":"Leaves 6","id":569,"lightProbeId":0,"mesh":true},{"children":[],"config":"Leaves 2","id":570,"lightProbeId":0,"mesh":true},{"children":[],"config":"Leaves 7","id":571,"lightProbeId":0,"mesh":true},{"children":[],"config":"Leaves 3","id":572,"lightProbeId":0,"mesh":true},{"children":[],"config":"Leaves 4","id":573,"lightProbeId":0,"mesh":true},{"children":[],"config":"Leaves 6","id":574,"lightProbeId":0,"mesh":true},{"children":[],"config":"Leaves 6","id":575,"lightProbeId":0,"mesh":true},{"children":[],"config":"Leaves 3","id":576,"lightProbeId":0,"mesh":true},{"children":[],"config":"Leaves 6","id":577,"lightProbeId":0,"mesh":true},{"children":[],"config":"Leaves 3","id":578,"lightProbeId":0,"mesh":true},{"children":[],"config":"Leaves 6","id":579,"lightProbeId":0,"mesh":true},{"children":[],"config":"Leaves 5","id":580,"lightProbeId":0,"mesh":true},{"children":[],"config":"Leaves 4","id":581,"lightProbeId":0,"mesh":true},{"children":[],"config":"Leaves 1","id":582,"lightProbeId":0,"mesh":true},{"children":[],"config":"Leaves 2","id":583,"lightProbeId":0,"mesh":true},{"children":[],"config":"Leaves 2","id":584,"lightProbeId":0,"mesh":true},{"children":[],"config":"Leaves 6","id":585,"lightProbeId":0,"mesh":true},{"children":[],"config":"Leaves 4","id":586,"lightProbeId":0,"mesh":true},{"children":[],"config":"Leaves 2","id":587,"lightProbeId":0,"mesh":true},{"children":[],"config":"Leaves 1","id":588,"lightProbeId":0,"mesh":true},{"children":[],"config":"Leaves 2","id":589,"lightProbeId":0,"mesh":true},{"children":[],"config":"Leaves 6","id":590,"lightProbeId":0,"mesh":true},{"children":[],"config":"Leaves 6","id":591,"lightProbeId":0,"mesh":true},{"children":[],"config":"Leaves 2","id":592,"lightProbeId":0,"mesh":true},{"children":[],"config":"Leaves 6","id":593,"lightProbeId":0,"mesh":true},{"children":[],"config":"Leaves 6","id":594,"lightProbeId":0,"mesh":true},{"children":[],"config":"Leaves 2","id":595,"lightProbeId":0,"mesh":true},{"children":[],"config":"Leaves 6","id":596,"lightProbeId":0,"mesh":true},{"children":[],"config":"Leaves 2","id":597,"lightProbeId":0,"mesh":true},{"children":[],"config":"Leaves 2","id":598,"lightProbeId":0,"mesh":true},{"children":[],"config":"Leaves 4","id":599,"lightProbeId":0,"mesh":true},{"children":[],"config":"Leaves 2","id":600,"lightProbeId":0,"mesh":true},{"children":[],"config":"Leaves 6","id":601,"lightProbeId":0,"mesh":true},{"children":[],"config":"Leaves 2","id":602,"lightProbeId":0,"mesh":true},{"children":[],"config":"Leaves 4","id":603,"lightProbeId":0,"mesh":true},{"children":[],"config":"Leaves 6","id":604,"lightProbeId":0,"mesh":true},{"children":[],"config":"Leaves 4","id":605,"lightProbeId":0,"mesh":true},{"children":[],"config":"Leaves 6","id":606,"lightProbeId":0,"mesh":true},{"children":[],"config":"Leaves 4","id":607,"lightProbeId":0,"mesh":true},{"children":[],"config":"Leaves 4","id":608,"lightProbeId":0,"mesh":true},{"children":[],"config":"Leaves 2","id":609,"lightProbeId":0,"mesh":true},{"children":[],"config":"Leaves 6","id":610,"lightProbeId":0,"mesh":true},{"children":[],"config":"Leaves 6","id":611,"lightProbeId":0,"mesh":true},{"children":[],"config":"Leaves 4","id":612,"lightProbeId":0,"mesh":true},{"children":[],"config":"Leaves 6","id":613,"lightProbeId":0,"mesh":true},{"children":[],"config":"Leaves 4","id":614,"lightProbeId":0,"mesh":true},{"children":[],"config":"Leaves 2","id":615,"lightProbeId":0,"mesh":true},{"children":[],"config":"Leaves 6","id":616,"lightProbeId":0,"mesh":true},{"children":[],"config":"Leaves 6","id":617,"lightProbeId":0,"mesh":true},{"children":[],"config":"Leaves 6","id":618,"lightProbeId":0,"mesh":true},{"children":[],"config":"Leaves 6","id":619,"lightProbeId":0,"mesh":true},{"children":[],"config":"Leaves 6","id":620,"lightProbeId":0,"mesh":true},{"children":[],"config":"Leaves 6","id":621,"lightProbeId":0,"mesh":true},{"children":[],"config":"Leaves 6","id":622,"lightProbeId":0,"mesh":true},{"children":[],"config":"Leaves 6","id":623,"lightProbeId":0,"mesh":true},{"children":[],"config":"Leaves 6","id":624,"lightProbeId":0,"mesh":true},{"children":[],"config":"Leaves 6","id":625,"lightProbeId":0,"mesh":true},{"children":[],"config":"Leaves 6","id":626,"lightProbeId":0,"mesh":true},{"children":[],"config":"Leaves 7","id":627,"lightProbeId":0,"mesh":true},{"children":[],"config":"Leaves 2","id":628,"lightProbeId":0,"mesh":true},{"children":[],"config":"Leaves 6","id":629,"lightProbeId":0,"mesh":true},{"children":[],"config":"Leaves 1","id":630,"lightProbeId":0,"mesh":true},{"children":[{"children":[],"config":"Leaves 2","id":632,"lightProbeId":0,"mesh":true},{"children":[],"config":"Leaves 2","id":633,"lightProbeId":0,"mesh":true},{"children":[],"config":"Leaves 2","id":634,"lightProbeId":0,"mesh":true},{"children":[],"config":"Leaves 2","id":635,"lightProbeId":0,"mesh":true},{"children":[],"config":"Leaves 2","id":636,"lightProbeId":0,"mesh":true},{"children":[],"config":"Leaves 2","id":637,"lightProbeId":0,"mesh":true},{"children":[],"config":"Leaves 2","id":638,"lightProbeId":0,"mesh":true},{"children":[],"config":"Leaves 2","id":639,"lightProbeId":0,"mesh":true}],"config":"Group#9","id":631},{"children":[],"config":"Leaves 4","id":640,"lightProbeId":0,"mesh":true},{"children":[],"config":"Leaves 6","id":641,"lightProbeId":0,"mesh":true},{"children":[],"config":"Leaves 4","id":642,"lightProbeId":0,"mesh":true},{"children":[],"config":"Leaves 6","id":643,"lightProbeId":0,"mesh":true},{"children":[],"config":"Leaves 2","id":644,"lightProbeId":0,"mesh":true},{"children":[],"config":"Leaves 6","id":645,"lightProbeId":0,"mesh":true},{"children":[],"config":"Leaves 6","id":646,"lightProbeId":0,"mesh":true},{"children":[],"config":"Leaves 3","id":647,"lightProbeId":0,"mesh":true},{"children":[],"config":"Leaves 4","id":648,"lightProbeId":0,"mesh":true},{"children":[],"config":"Leaves 4","id":649,"lightProbeId":0,"mesh":true},{"children":[],"config":"Leaves 4","id":650,"lightProbeId":0,"mesh":true},{"children":[],"config":"Leaves 4","id":651,"lightProbeId":0,"mesh":true},{"children":[],"config":"Leaves 2","id":652,"lightProbeId":0,"mesh":true},{"children":[],"config":"Leaves 4","id":653,"lightProbeId":0,"mesh":true},{"children":[],"config":"Leaves 6","id":654,"lightProbeId":0,"mesh":true},{"children":[],"config":"Leaves 4","id":655,"lightProbeId":0,"mesh":true},{"children":[],"config":"Leaves 4","id":656,"lightProbeId":0,"mesh":true},{"children":[],"config":"Leaves 4","id":657,"lightProbeId":0,"mesh":true},{"children":[],"config":"Leaves 4","id":658,"lightProbeId":0,"mesh":true},{"children":[],"config":"Leaves 4","id":659,"lightProbeId":0,"mesh":true},{"children":[],"config":"Leaves 4","id":660,"lightProbeId":0,"mesh":true},{"children":[],"config":"Leaves 1","id":661,"lightProbeId":0,"mesh":true},{"children":[],"config":"Leaves 4","id":662,"lightProbeId":0,"mesh":true},{"children":[{"children":[],"config":"Leaves 6","id":664,"lightProbeId":0,"mesh":true},{"children":[],"config":"Leaves 6","id":665,"lightProbeId":0,"mesh":true},{"children":[],"config":"Leaves 6","id":666,"lightProbeId":0,"mesh":true},{"children":[],"config":"Leaves 6","id":667,"lightProbeId":0,"mesh":true},{"children":[],"config":"Leaves 6","id":668,"lightProbeId":0,"mesh":true}],"config":"Group#7","id":663},{"children":[],"config":"Leaves 6","id":669,"lightProbeId":0,"mesh":true},{"children":[],"config":"Leaves 4","id":670,"lightProbeId":0,"mesh":true},{"children":[],"config":"Leaves 4","id":671,"lightProbeId":0,"mesh":true},{"children":[],"config":"Leaves 4","id":672,"lightProbeId":0,"mesh":true},{"children":[],"config":"Leaves 5","id":673,"lightProbeId":0,"mesh":true},{"children":[],"config":"Leaves 6","id":674,"lightProbeId":0,"mesh":true},{"children":[],"config":"Leaves 5","id":675,"lightProbeId":0,"mesh":true},{"children":[],"config":"Leaves 5","id":676,"lightProbeId":0,"mesh":true},{"children":[],"config":"Leaves 5","id":677,"lightProbeId":0,"mesh":true},{"children":[],"config":"Leaves 5","id":678,"lightProbeId":0,"mesh":true},{"children":[],"config":"Leaves 5","id":679,"lightProbeId":0,"mesh":true},{"children":[],"config":"Leaves 5","id":680,"lightProbeId":0,"mesh":true},{"children":[],"config":"Leaves 5","id":681,"lightProbeId":0,"mesh":true},{"children":[],"config":"Leaves 5","id":682,"lightProbeId":0,"mesh":true},{"children":[],"config":"Leaves 5","id":683,"lightProbeId":0,"mesh":true},{"children":[],"config":"Leaves 5","id":684,"lightProbeId":0,"mesh":true},{"children":[],"config":"Leaves 5","id":685,"lightProbeId":0,"mesh":true},{"children":[],"config":"Leaves 5","id":686,"lightProbeId":0,"mesh":true},{"children":[],"config":"Leaves 5","id":687,"lightProbeId":0,"mesh":true},{"children":[],"config":"Leaves 7","id":688,"lightProbeId":0,"mesh":true},{"children":[],"config":"Leaves 6","id":689,"lightProbeId":0,"mesh":true},{"children":[],"config":"Leaves 6","id":690,"lightProbeId":0,"mesh":true},{"children":[],"config":"Leaves 3","id":691,"lightProbeId":0,"mesh":true},{"children":[],"config":"Leaves 2","id":692,"lightProbeId":0,"mesh":true},{"children":[],"config":"Leaves 6","id":693,"lightProbeId":0,"mesh":true},{"children":[],"config":"Leaves 2","id":694,"lightProbeId":0,"mesh":true},{"children":[],"config":"Leaves 7","id":695,"lightProbeId":0,"mesh":true},{"children":[],"config":"Leaves 7","id":696,"lightProbeId":0,"mesh":true},{"children":[],"config":"Leaves 4","id":697,"lightProbeId":0,"mesh":true},{"children":[],"config":"Leaves 6","id":698,"lightProbeId":0,"mesh":true},{"children":[],"config":"Leaves 6","id":699,"lightProbeId":0,"mesh":true},{"children":[],"config":"Leaves 2","id":700,"lightProbeId":0,"mesh":true},{"children":[],"config":"Leaves 4","id":701,"lightProbeId":0,"mesh":true},{"children":[],"config":"Leaves 7","id":702,"lightProbeId":0,"mesh":true},{"children":[],"config":"Leaves 4","id":703,"lightProbeId":0,"mesh":true},{"children":[],"config":"Leaves 7","id":704,"lightProbeId":0,"mesh":true},{"children":[],"config":"Leaves 7","id":705,"lightProbeId":0,"mesh":true},{"children":[],"config":"Leaves 6","id":706,"lightProbeId":0,"mesh":true},{"children":[],"config":"Leaves 6","id":707,"lightProbeId":0,"mesh":true},{"children":[],"config":"Leaves 1","id":708,"lightProbeId":0,"mesh":true},{"children":[],"config":"Leaves 7","id":709,"lightProbeId":0,"mesh":true},{"children":[],"config":"Leaves 7","id":710,"lightProbeId":0,"mesh":true},{"children":[],"config":"Leaves 6","id":711,"lightProbeId":0,"mesh":true},{"children":[],"config":"Leaves 6","id":712,"lightProbeId":0,"mesh":true},{"children":[],"config":"Leaves 6","id":713,"lightProbeId":0,"mesh":true},{"children":[],"config":"Group#11","id":714,"lightProbeId":0,"mesh":true}],"config":"Group#13","id":540}],"config":"Plant 1","id":536},{"children":[{"children":[{"children":[],"config":"{Book 6}Group#83","id":717,"lightProbeId":0,"mesh":true},{"children":[],"config":"{Paper}Group#83","id":718,"lightProbeId":0,"mesh":true}],"config":"Group#83","id":716},{"children":[{"children":[],"config":"{Book 4}Group#79","id":720,"lightProbeId":0,"mesh":true},{"children":[],"config":"{Paper}Group#79","id":721,"lightProbeId":0,"mesh":true}],"config":"Group#79","id":719},{"children":[{"children":[],"config":"{Book 3}Group#52","id":723,"lightProbeId":0,"mesh":true},{"children":[],"config":"{Paper}Group#52","id":724,"lightProbeId":0,"mesh":true}],"config":"Group#52","id":722},{"children":[{"children":[],"config":"{Book 2}Group#50","id":726,"lightProbeId":0,"mesh":true},{"children":[],"config":"{Paper}Group#50","id":727,"lightProbeId":0,"mesh":true}],"config":"Group#50","id":725},{"children":[{"children":[],"config":"{Book 1}Group#82","id":729,"lightProbeId":0,"mesh":true},{"children":[],"config":"{Paper}Group#82","id":730,"lightProbeId":0,"mesh":true}],"config":"Group#82","id":728},{"children":[{"children":[],"config":"{Book 5}Group#84","id":732,"lightProbeId":0,"mesh":true},{"children":[],"config":"{Paper}Group#84","id":733,"lightProbeId":0,"mesh":true}],"config":"Group#84","id":731}],"config":"Books","id":715},{"children":[],"config":"Bookshelf 1","id":734,"lightProbeId":0,"mesh":true},{"children":[],"config":"Bookshelf 2","id":735,"lightProbeId":0,"mesh":true},{"children":[{"children":[],"config":"Outer ceiling","id":737,"lightProbeId":0,"mesh":true}],"config":"Ceiling","id":736,"lightProbeId":0,"mesh":true},{"children":[{"children":[],"config":"{Black matte metal}Floor lamp","id":739,"lightProbeId":0,"mesh":true},{"children":[],"config":"{White matte metal}Floor lamp","id":740,"lightProbeId":0,"mesh":true}],"config":"Floor lamp","id":738},{"children":[{"children":[{"children":[],"config":"{Black matte wood}Group#38","id":743,"lightProbeId":0,"mesh":true},{"children":[],"config":"{Picture white}Group#38","id":744,"lightProbeId":0,"mesh":true}],"config":"Group#38","id":742},{"children":[],"config":"Group#47","id":745,"lightProbeId":0,"mesh":true}],"config":"Picture 1","id":741},{"children":[{"children":[{"children":[],"config":"{Black matte wood}Group#38","id":748,"lightProbeId":0,"mesh":true},{"children":[],"config":"{Picture white}Group#38","id":749,"lightProbeId":0,"mesh":true}],"config":"Group#38","id":747},{"children":[],"config":"Group#48","id":750,"lightProbeId":0,"mesh":true}],"config":"Picture 2","id":746},{"children":[{"children":[{"children":[],"config":"Component#115","id":753,"lightProbeId":0,"mesh":true},{"children":[],"config":"Component#116","id":754,"lightProbeId":0,"mesh":true}],"config":"Plinth","id":752},{"children":[],"config":"Outer walls","id":755,"lightProbeId":0,"mesh":true},{"children":[],"config":"{Wall}Walls","id":756,"lightProbeId":0,"mesh":true},{"children":[],"config":"{Outside wall}Walls","id":757,"lightProbeId":0,"mesh":true},{"children":[],"config":"{Floor}Walls","id":758,"lightProbeId":0,"mesh":true},{"children":[],"config":"{Plant bark}Walls","id":759,"lightProbeId":0,"mesh":true},{"children":[],"config":"{Default}Walls","id":760,"lightProbeId":0,"mesh":true}],"config":"Walls","id":751}],"skies":[{"center":[0,0,0],"name":"sky0","type":"procedural"}],"triggers":[],"views":[{"hideFromMenu":false,"id":1,"mode":"fps","name":"Walk view","position":[5.340438055649898,0.9195813449510966,1.9722538436179544],"rotation":[59.210075513388695,-8.539410491931873],"sky":"sky0"},{"distance":7.482415403722253,"hideFromMenu":false,"id":2,"mode":"orbit","name":"Top view","noPitchRotate":true,"panPrimary":true,"rotation":[-179.8893616348292,-90],"sky":"default","target":[3.013267402865094,2.563052847941614,0]},{"distance":8.526105969577797,"hideFromMenu":false,"id":3,"mode":"orbit","name":"Orbit view","noPitchRotate":false,"panPrimary":false,"rotation":[36.38846559191574,-61.62701068135072],"sky":"default","target":[2.926534207476248,2.3729297973755297,0.4260493764889603]}]}